{
    "function": "bin.tabr.main",
    "gpus": [
        "NVIDIA GeForce RTX 3090"
    ],
    "config": {
        "seed": 3,
        "batch_size": 256,
        "patience": 16,
        "n_epochs": Infinity,
        "context_size": 96,
        "data": {
            "seed": 22,
            "cache": true,
            "path": ":data/sait",
            "num_policy": "quantile",
            "cat_policy": null,
            "y_policy": "standard"
        },
        "model": {
            "d_main": 320,
            "context_dropout": 0.38897047124470463,
            "d_multiplier": 2.0,
            "encoder_n_blocks": 1,
            "predictor_n_blocks": 1,
            "mixer_normalization": "auto",
            "dropout0": 0.11301195802716613,
            "dropout1": 0.0,
            "normalization": "LayerNorm",
            "activation": "ReLU",
            "num_embeddings": {
                "type": "PLREmbeddings",
                "n_frequencies": 49,
                "frequency_scale": 0.04732775101266245,
                "d_embedding": 51,
                "lite": true
            }
        },
        "optimizer": {
            "type": "AdamW",
            "lr": 0.00018963902102551221,
            "weight_decay": 0.0
        }
    },
    "n_parameters": 1522389,
    "prediction_type": null,
    "best_epoch": 16,
    "metrics": {
        "train": {
            "rmse": 1.6820161077341595,
            "mae": 1.2080781084617342,
            "r2": 0.6097046299887695,
            "score": -1.6820161077341595
        },
        "val": {
            "rmse": 1.5917291212315592,
            "mae": 1.2103129951705114,
            "r2": 0.6308244277880147,
            "score": -1.5917291212315592
        },
        "test": {
            "rmse": 1.6041290379826947,
            "mae": 1.2061860814415581,
            "r2": 0.6465827124058303,
            "score": -1.6041290379826947
        }
    },
    "time": "0:01:47",
    "chunk_size": null,
    "eval_batch_size": 32768
}
