{
    "function": "bin.ensemble.main",
    "config": {
        "seeds": [
            5,
            6,
            7,
            8,
            9
        ]
    },
    "single_model_function": "bin.tabr.main",
    "data": ":data/sait",
    "prediction_type": null,
    "metrics": {
        "train": {
            "rmse": 1.6824434884820691,
            "mae": 1.2044030987267433,
            "r2": 0.609506258363444,
            "score": -1.6824434884820691
        },
        "val": {
            "rmse": 1.5915215220676198,
            "mae": 1.205140973216885,
            "r2": 0.6309207227071096,
            "score": -1.5915215220676198
        },
        "test": {
            "rmse": 1.5998534260625534,
            "mae": 1.1995030055081202,
            "r2": 0.6484641743617403,
            "score": -1.5998534260625534
        }
    }
}
