{
    "function": "bin.tabr.main",
    "gpus": [
        "NVIDIA GeForce RTX 3090"
    ],
    "config": {
        "seed": 13,
        "batch_size": 256,
        "patience": 16,
        "n_epochs": Infinity,
        "context_size": 96,
        "data": {
            "seed": 11,
            "cache": true,
            "path": ":data/sait-submission",
            "num_policy": "quantile",
            "cat_policy": null,
            "y_policy": "standard"
        },
        "model": {
            "d_main": 240,
            "context_dropout": 0.2404787602134526,
            "d_multiplier": 2.0,
            "encoder_n_blocks": 1,
            "predictor_n_blocks": 1,
            "mixer_normalization": "auto",
            "dropout0": 0.2763885024754076,
            "dropout1": 0.0,
            "normalization": "LayerNorm",
            "activation": "ReLU",
            "num_embeddings": {
                "type": "PLREmbeddings",
                "n_frequencies": 81,
                "frequency_scale": 0.010239119195579335,
                "d_embedding": 37,
                "lite": true
            }
        },
        "optimizer": {
            "type": "AdamW",
            "lr": 0.00014191444866850392,
            "weight_decay": 0.0
        }
    },
    "n_parameters": 857963,
    "prediction_type": null,
    "best_epoch": 53,
    "metrics": {
        "train": {
            "rmse": 1.66749858999564,
            "mae": 1.2024164767598222,
            "r2": 0.6148787605676538,
            "score": -1.66749858999564
        },
        "val": {
            "rmse": 1.6179744202345796,
            "mae": 1.1994132062899325,
            "r2": 0.6425990443739233,
            "score": -1.6179744202345796
        },
        "test": {
            "rmse": 84.92197843819623,
            "mae": 84.84881244315284,
            "r2": 0.0,
            "score": -84.92197843819623
        }
    },
    "time": "0:03:45",
    "chunk_size": null,
    "eval_batch_size": 32768
}
