{
    "function": "bin.tabr.main",
    "gpus": [
        "NVIDIA GeForce RTX 3090"
    ],
    "config": {
        "seed": 8,
        "batch_size": 256,
        "patience": 16,
        "n_epochs": Infinity,
        "context_size": 96,
        "data": {
            "seed": 33,
            "cache": true,
            "path": ":data/sait-submission",
            "num_policy": "quantile",
            "cat_policy": null,
            "y_policy": "standard"
        },
        "model": {
            "d_main": 145,
            "context_dropout": 0.5922645339694296,
            "d_multiplier": 2.0,
            "encoder_n_blocks": 0,
            "predictor_n_blocks": 1,
            "mixer_normalization": "auto",
            "dropout0": 0.08144956528299635,
            "dropout1": 0.0,
            "normalization": "LayerNorm",
            "activation": "ReLU",
            "num_embeddings": {
                "type": "PLREmbeddings",
                "n_frequencies": 87,
                "frequency_scale": 0.028041566773097288,
                "d_embedding": 54,
                "lite": true
            }
        },
        "optimizer": {
            "type": "AdamW",
            "lr": 0.0005327022652266498,
            "weight_decay": 5.054003394663444e-06
        }
    },
    "n_parameters": 287793,
    "prediction_type": null,
    "best_epoch": 19,
    "metrics": {
        "train": {
            "rmse": 1.6693508072065126,
            "mae": 1.2020070345159937,
            "r2": 0.6140227589900256,
            "score": -1.6693508072065126
        },
        "val": {
            "rmse": 1.6188523672798079,
            "mae": 1.197140653691143,
            "r2": 0.6422111194778947,
            "score": -1.6188523672798079
        },
        "test": {
            "rmse": 84.89788973577417,
            "mae": 84.82799455126087,
            "r2": 0.0,
            "score": -84.89788973577417
        }
    },
    "time": "0:01:36",
    "chunk_size": null,
    "eval_batch_size": 32768
}
