{
    "function": "bin.ensemble.main",
    "config": {
        "seeds": [
            0,
            1,
            2,
            3,
            4
        ]
    },
    "single_model_function": "bin.tabr.main",
    "data": ":data/sait",
    "prediction_type": null,
    "metrics": {
        "train": {
            "rmse": 1.6826143847080817,
            "mae": 1.2070201620554144,
            "r2": 0.6094268958193971,
            "score": -1.6826143847080817
        },
        "val": {
            "rmse": 1.5917342786300617,
            "mae": 1.2079109713844218,
            "r2": 0.6308220605855062,
            "score": -1.5917342786300617
        },
        "test": {
            "rmse": 1.5982277598237034,
            "mae": 1.2010498459192718,
            "r2": 0.6491782500953492,
            "score": -1.5982277598237034
        }
    }
}
