{
    "function": "bin.ensemble.main",
    "config": {
        "seeds": [
            10,
            11,
            12,
            13,
            14
        ]
    },
    "single_model_function": "bin.tabr.main",
    "data": ":data/sait",
    "prediction_type": null,
    "metrics": {
        "train": {
            "rmse": 1.67615389798424,
            "mae": 1.2003883586099278,
            "r2": 0.6124203963341255,
            "score": -1.67615389798424
        },
        "val": {
            "rmse": 1.59084336159409,
            "mae": 1.203543421988229,
            "r2": 0.6312352355532491,
            "score": -1.59084336159409
        },
        "test": {
            "rmse": 1.601284125754287,
            "mae": 1.2001486055676764,
            "r2": 0.6478351756473899,
            "score": -1.601284125754287
        }
    }
}
