{
    "function": "bin.tabr.main",
    "gpus": [
        "NVIDIA GeForce RTX 3090"
    ],
    "config": {
        "seed": 7,
        "batch_size": 256,
        "patience": 16,
        "n_epochs": Infinity,
        "context_size": 96,
        "data": {
            "seed": 22,
            "cache": true,
            "path": ":data/sait",
            "num_policy": "quantile",
            "cat_policy": null,
            "y_policy": "standard"
        },
        "model": {
            "d_main": 320,
            "context_dropout": 0.38897047124470463,
            "d_multiplier": 2.0,
            "encoder_n_blocks": 1,
            "predictor_n_blocks": 1,
            "mixer_normalization": "auto",
            "dropout0": 0.11301195802716613,
            "dropout1": 0.0,
            "normalization": "LayerNorm",
            "activation": "ReLU",
            "num_embeddings": {
                "type": "PLREmbeddings",
                "n_frequencies": 49,
                "frequency_scale": 0.04732775101266245,
                "d_embedding": 51,
                "lite": true
            }
        },
        "optimizer": {
            "type": "AdamW",
            "lr": 0.00018963902102551221,
            "weight_decay": 0.0
        }
    },
    "n_parameters": 1522389,
    "prediction_type": null,
    "best_epoch": 29,
    "metrics": {
        "train": {
            "rmse": 1.678267571502977,
            "mae": 1.2002791538272959,
            "r2": 0.6114422904491568,
            "score": -1.678267571502977
        },
        "val": {
            "rmse": 1.5913913431033457,
            "mae": 1.2035924477943922,
            "r2": 0.6309811057452539,
            "score": -1.5913913431033457
        },
        "test": {
            "rmse": 1.599897108324525,
            "mae": 1.1973541346163756,
            "r2": 0.648444975101486,
            "score": -1.599897108324525
        }
    },
    "time": "0:02:28",
    "chunk_size": null,
    "eval_batch_size": 32768
}
