{
    "function": "bin.tabr.main",
    "gpus": [
        "NVIDIA GeForce RTX 3090"
    ],
    "config": {
        "seed": 1,
        "batch_size": 256,
        "patience": 16,
        "n_epochs": Infinity,
        "context_size": 96,
        "data": {
            "seed": 22,
            "cache": true,
            "path": ":data/sait",
            "num_policy": "quantile",
            "cat_policy": null,
            "y_policy": "standard"
        },
        "model": {
            "d_main": 320,
            "context_dropout": 0.38897047124470463,
            "d_multiplier": 2.0,
            "encoder_n_blocks": 1,
            "predictor_n_blocks": 1,
            "mixer_normalization": "auto",
            "dropout0": 0.11301195802716613,
            "dropout1": 0.0,
            "normalization": "LayerNorm",
            "activation": "ReLU",
            "num_embeddings": {
                "type": "PLREmbeddings",
                "n_frequencies": 49,
                "frequency_scale": 0.04732775101266245,
                "d_embedding": 51,
                "lite": true
            }
        },
        "optimizer": {
            "type": "AdamW",
            "lr": 0.00018963902102551221,
            "weight_decay": 0.0
        }
    },
    "n_parameters": 1522389,
    "prediction_type": null,
    "best_epoch": 8,
    "metrics": {
        "train": {
            "rmse": 1.6837528219296045,
            "mae": 1.2074237623909312,
            "r2": 0.60889820889821,
            "score": -1.6837528219296045
        },
        "val": {
            "rmse": 1.5938008469721585,
            "mae": 1.2109711124571731,
            "r2": 0.6298628146378389,
            "score": -1.5938008469721585
        },
        "test": {
            "rmse": 1.6019472801978172,
            "mae": 1.2032603400829203,
            "r2": 0.6475433999427747,
            "score": -1.6019472801978172
        }
    },
    "time": "0:01:22",
    "chunk_size": null,
    "eval_batch_size": 32768
}
