{
    "function": "bin.catboost_.main",
    "gpus": [
        "NVIDIA GeForce RTX 3090",
        "NVIDIA GeForce RTX 3090",
        "NVIDIA GeForce RTX 3090",
        "NVIDIA GeForce RTX 3090"
    ],
    "config": {
        "seed": 9,
        "data": {
            "seed": 0,
            "num_policy": null,
            "cat_policy": null,
            "cache": true,
            "path": ":data/sait-submission",
            "y_policy": "standard"
        },
        "model": {
            "iterations": 4000,
            "early_stopping_rounds": 200,
            "od_pval": 0.001,
            "bagging_temperature": 0.2521395542071161,
            "depth": 9,
            "l2_leaf_reg": 9.051203102297846,
            "leaf_estimation_iterations": 2,
            "learning_rate": 0.025887250896045315,
            "task_type": "CPU",
            "thread_count": 4
        },
        "fit": {
            "logging_level": "Verbose"
        }
    },
    "prediction_type": null,
    "time": "0:00:07",
    "best_iteration": 827,
    "metrics": {
        "train": {
            "rmse": 1.5368378836812775,
            "mae": 1.1367412131769432,
            "r2": 0.6728683063340171,
            "score": -1.5368378836812775
        },
        "val": {
            "rmse": 1.620191787900699,
            "mae": 1.1992454646446875,
            "r2": 0.6416187937166944,
            "score": -1.620191787900699
        },
        "test": {
            "rmse": 84.90193611301001,
            "mae": 84.83022459027836,
            "r2": 0.0,
            "score": -84.90193611301001
        }
    }
}
