{
    "function": "bin.tabr.main",
    "gpus": [
        "NVIDIA GeForce RTX 3090"
    ],
    "config": {
        "seed": 8,
        "batch_size": 256,
        "patience": 16,
        "n_epochs": Infinity,
        "context_size": 96,
        "data": {
            "seed": 22,
            "cache": true,
            "path": ":data/sait-submission",
            "num_policy": "quantile",
            "cat_policy": null,
            "y_policy": "standard"
        },
        "model": {
            "d_main": 310,
            "context_dropout": 0.21059390154453766,
            "d_multiplier": 2.0,
            "encoder_n_blocks": 0,
            "predictor_n_blocks": 2,
            "mixer_normalization": "auto",
            "dropout0": 0.41871334166292035,
            "dropout1": 0.0,
            "normalization": "LayerNorm",
            "activation": "ReLU",
            "num_embeddings": {
                "type": "PLREmbeddings",
                "n_frequencies": 42,
                "frequency_scale": 0.03272235852111961,
                "d_embedding": 62,
                "lite": true
            }
        },
        "optimizer": {
            "type": "AdamW",
            "lr": 0.00012953811593024672,
            "weight_decay": 0.0
        }
    },
    "n_parameters": 1472343,
    "prediction_type": null,
    "best_epoch": 25,
    "metrics": {
        "train": {
            "rmse": 1.6701765619838491,
            "mae": 1.2055614864770376,
            "r2": 0.613640799570639,
            "score": -1.6701765619838491
        },
        "val": {
            "rmse": 1.6200646364375169,
            "mae": 1.2017316439670935,
            "r2": 0.6416750215951171,
            "score": -1.6200646364375169
        },
        "test": {
            "rmse": 84.9297851057056,
            "mae": 84.85612074296523,
            "r2": 0.0,
            "score": -84.9297851057056
        }
    },
    "time": "0:02:10",
    "chunk_size": null,
    "eval_batch_size": 32768
}
