{
    "function": "bin.tabr.main",
    "gpus": [
        "NVIDIA GeForce RTX 3090"
    ],
    "config": {
        "seed": 8,
        "batch_size": 256,
        "patience": 16,
        "n_epochs": Infinity,
        "context_size": 96,
        "data": {
            "seed": 11,
            "cache": true,
            "path": ":data/sait",
            "num_policy": "quantile",
            "cat_policy": null,
            "y_policy": "standard"
        },
        "model": {
            "d_main": 226,
            "context_dropout": 0.07233000186923533,
            "d_multiplier": 2.0,
            "encoder_n_blocks": 0,
            "predictor_n_blocks": 2,
            "mixer_normalization": "auto",
            "dropout0": 0.2921416889600971,
            "dropout1": 0.0,
            "normalization": "LayerNorm",
            "activation": "ReLU",
            "num_embeddings": {
                "type": "PLREmbeddings",
                "n_frequencies": 52,
                "frequency_scale": 0.024233931261830634,
                "d_embedding": 45,
                "lite": true
            }
        },
        "optimizer": {
            "type": "AdamW",
            "lr": 0.0003279945862296266,
            "weight_decay": 0.0
        }
    },
    "n_parameters": 785450,
    "prediction_type": null,
    "best_epoch": 35,
    "metrics": {
        "train": {
            "rmse": 1.6799565955771265,
            "mae": 1.2004860090290776,
            "r2": 0.6106598009342046,
            "score": -1.6799565955771265
        },
        "val": {
            "rmse": 1.5927597260726918,
            "mae": 1.2027518678510773,
            "r2": 0.6303462398773134,
            "score": -1.5927597260726918
        },
        "test": {
            "rmse": 1.5985156446533741,
            "mae": 1.1957969434212714,
            "r2": 0.6490518345728924,
            "score": -1.5985156446533741
        }
    },
    "time": "0:01:59",
    "chunk_size": null,
    "eval_batch_size": 32768
}
