{
    "function": "bin.tabr.main",
    "gpus": [
        "NVIDIA GeForce RTX 3090"
    ],
    "config": {
        "seed": 11,
        "batch_size": 256,
        "patience": 16,
        "n_epochs": Infinity,
        "context_size": 96,
        "data": {
            "seed": 11,
            "cache": true,
            "path": ":data/sait",
            "num_policy": "quantile",
            "cat_policy": null,
            "y_policy": "standard"
        },
        "model": {
            "d_main": 226,
            "context_dropout": 0.07233000186923533,
            "d_multiplier": 2.0,
            "encoder_n_blocks": 0,
            "predictor_n_blocks": 2,
            "mixer_normalization": "auto",
            "dropout0": 0.2921416889600971,
            "dropout1": 0.0,
            "normalization": "LayerNorm",
            "activation": "ReLU",
            "num_embeddings": {
                "type": "PLREmbeddings",
                "n_frequencies": 52,
                "frequency_scale": 0.024233931261830634,
                "d_embedding": 45,
                "lite": true
            }
        },
        "optimizer": {
            "type": "AdamW",
            "lr": 0.0003279945862296266,
            "weight_decay": 0.0
        }
    },
    "n_parameters": 785450,
    "prediction_type": null,
    "best_epoch": 22,
    "metrics": {
        "train": {
            "rmse": 1.6834257444507188,
            "mae": 1.206136814919489,
            "r2": 0.6090501373974897,
            "score": -1.6834257444507188
        },
        "val": {
            "rmse": 1.5889930046583252,
            "mae": 1.2045731243949263,
            "r2": 0.6320925517985219,
            "score": -1.5889930046583252
        },
        "test": {
            "rmse": 1.6044872257999478,
            "mae": 1.205302252873821,
            "r2": 0.6464248439712466,
            "score": -1.6044872257999478
        }
    },
    "time": "0:01:29",
    "chunk_size": null,
    "eval_batch_size": 32768
}
