{
    "function": "bin.tabr.main",
    "gpus": [
        "NVIDIA GeForce RTX 3090"
    ],
    "config": {
        "seed": 7,
        "batch_size": 256,
        "patience": 16,
        "n_epochs": Infinity,
        "context_size": 96,
        "data": {
            "seed": 11,
            "cache": true,
            "path": ":data/sait",
            "num_policy": "quantile",
            "cat_policy": null,
            "y_policy": "standard"
        },
        "model": {
            "d_main": 226,
            "context_dropout": 0.07233000186923533,
            "d_multiplier": 2.0,
            "encoder_n_blocks": 0,
            "predictor_n_blocks": 2,
            "mixer_normalization": "auto",
            "dropout0": 0.2921416889600971,
            "dropout1": 0.0,
            "normalization": "LayerNorm",
            "activation": "ReLU",
            "num_embeddings": {
                "type": "PLREmbeddings",
                "n_frequencies": 52,
                "frequency_scale": 0.024233931261830634,
                "d_embedding": 45,
                "lite": true
            }
        },
        "optimizer": {
            "type": "AdamW",
            "lr": 0.0003279945862296266,
            "weight_decay": 0.0
        }
    },
    "n_parameters": 785450,
    "prediction_type": null,
    "best_epoch": 15,
    "metrics": {
        "train": {
            "rmse": 1.6836907218734898,
            "mae": 1.2065843860271457,
            "r2": 0.6089270713760686,
            "score": -1.6836907218734898
        },
        "val": {
            "rmse": 1.5954120670282088,
            "mae": 1.2091679096062649,
            "r2": 0.6291140976123722,
            "score": -1.5954120670282088
        },
        "test": {
            "rmse": 1.6026284928907037,
            "mae": 1.2018483005790586,
            "r2": 0.6472435825871314,
            "score": -1.6026284928907037
        }
    },
    "time": "0:01:14",
    "chunk_size": null,
    "eval_batch_size": 32768
}
