{
    "function": "bin.ensemble.main",
    "config": {
        "seeds": [
            0,
            1,
            2,
            3,
            4
        ]
    },
    "single_model_function": "bin.tabr.main",
    "data": ":data/sait",
    "prediction_type": null,
    "metrics": {
        "train": {
            "rmse": 1.6803146902109698,
            "mae": 1.2016054182300309,
            "r2": 0.6104938075594732,
            "score": -1.6803146902109698
        },
        "val": {
            "rmse": 1.5922945711739136,
            "mae": 1.2038167950186676,
            "r2": 0.6305621152200496,
            "score": -1.5922945711739136
        },
        "test": {
            "rmse": 1.5978357205684215,
            "mae": 1.1961348283144844,
            "r2": 0.6493503159493278,
            "score": -1.5978357205684215
        }
    }
}
