{
    "function": "bin.ensemble.main",
    "config": {
        "seeds": [
            5,
            6,
            7,
            8,
            9
        ]
    },
    "single_model_function": "bin.tabr.main",
    "data": ":data/sait",
    "prediction_type": null,
    "metrics": {
        "train": {
            "rmse": 1.682561101871821,
            "mae": 1.2045854811447612,
            "r2": 0.6094516601747846,
            "score": -1.682561101871821
        },
        "val": {
            "rmse": 1.5909974834972884,
            "mae": 1.2045795434857496,
            "r2": 0.6311637611306956,
            "score": -1.5909974834972884
        },
        "test": {
            "rmse": 1.6001150292121313,
            "mae": 1.1997829581066526,
            "r2": 0.6483491943627868,
            "score": -1.6001150292121313
        }
    }
}
