{
    "function": "bin.catboost_.main",
    "gpus": [
        "NVIDIA GeForce RTX 3090",
        "NVIDIA GeForce RTX 3090",
        "NVIDIA GeForce RTX 3090",
        "NVIDIA GeForce RTX 3090"
    ],
    "config": {
        "seed": 10,
        "data": {
            "seed": 0,
            "num_policy": null,
            "cat_policy": null,
            "cache": true,
            "path": ":data/sait-submission",
            "y_policy": "standard"
        },
        "model": {
            "iterations": 4000,
            "early_stopping_rounds": 200,
            "od_pval": 0.001,
            "bagging_temperature": 0.2521395542071161,
            "depth": 9,
            "l2_leaf_reg": 9.051203102297846,
            "leaf_estimation_iterations": 2,
            "learning_rate": 0.025887250896045315,
            "task_type": "CPU",
            "thread_count": 4
        },
        "fit": {
            "logging_level": "Verbose"
        }
    },
    "prediction_type": null,
    "time": "0:00:09",
    "best_iteration": 592,
    "metrics": {
        "train": {
            "rmse": 1.5784110892314265,
            "mae": 1.1603438981450367,
            "r2": 0.6549303574888425,
            "score": -1.5784110892314265
        },
        "val": {
            "rmse": 1.6218553497759844,
            "mae": 1.2003034567222557,
            "r2": 0.6408824668321296,
            "score": -1.6218553497759844
        },
        "test": {
            "rmse": 84.90442100490229,
            "mae": 84.83263560587301,
            "r2": 0.0,
            "score": -84.90442100490229
        }
    }
}
