{
    "function": "bin.catboost_.main",
    "gpus": [
        "NVIDIA GeForce RTX 3090",
        "NVIDIA GeForce RTX 3090",
        "NVIDIA GeForce RTX 3090",
        "NVIDIA GeForce RTX 3090"
    ],
    "config": {
        "seed": 6,
        "data": {
            "seed": 0,
            "num_policy": null,
            "cat_policy": null,
            "cache": true,
            "path": ":data/sait-submission",
            "y_policy": "standard"
        },
        "model": {
            "iterations": 4000,
            "early_stopping_rounds": 200,
            "od_pval": 0.001,
            "bagging_temperature": 0.2521395542071161,
            "depth": 9,
            "l2_leaf_reg": 9.051203102297846,
            "leaf_estimation_iterations": 2,
            "learning_rate": 0.025887250896045315,
            "task_type": "CPU",
            "thread_count": 4
        },
        "fit": {
            "logging_level": "Verbose"
        }
    },
    "prediction_type": null,
    "time": "0:00:07",
    "best_iteration": 429,
    "metrics": {
        "train": {
            "rmse": 1.611562260274071,
            "mae": 1.1791946830297129,
            "r2": 0.6402832308648123,
            "score": -1.611562260274071
        },
        "val": {
            "rmse": 1.621590145709391,
            "mae": 1.2008949558491817,
            "r2": 0.6409999022661452,
            "score": -1.621590145709391
        },
        "test": {
            "rmse": 84.90197112670825,
            "mae": 84.830379957104,
            "r2": 0.0,
            "score": -84.90197112670825
        }
    }
}
