{
    "function": "bin.tabr.main",
    "gpus": [
        "NVIDIA GeForce RTX 3090"
    ],
    "config": {
        "seed": 3,
        "batch_size": 256,
        "patience": 16,
        "n_epochs": Infinity,
        "context_size": 96,
        "data": {
            "seed": 0,
            "cache": true,
            "path": ":data/sait-submission",
            "num_policy": "quantile",
            "cat_policy": null,
            "y_policy": "standard"
        },
        "model": {
            "d_main": 205,
            "context_dropout": 0.11133000767060228,
            "d_multiplier": 2.0,
            "encoder_n_blocks": 0,
            "predictor_n_blocks": 1,
            "mixer_normalization": "auto",
            "dropout0": 0.3264849999707765,
            "dropout1": 0.0,
            "normalization": "LayerNorm",
            "activation": "ReLU",
            "num_embeddings": {
                "type": "PLREmbeddings",
                "n_frequencies": 16,
                "frequency_scale": 0.012342187126691545,
                "d_embedding": 40,
                "lite": true
            }
        },
        "optimizer": {
            "type": "AdamW",
            "lr": 0.00030525750867072427,
            "weight_decay": 2.5967576285315763e-05
        }
    },
    "n_parameters": 472792,
    "prediction_type": null,
    "best_epoch": 17,
    "metrics": {
        "train": {
            "rmse": 1.6709278656800934,
            "mae": 1.2019074967281824,
            "r2": 0.6132931081000064,
            "score": -1.6709278656800934
        },
        "val": {
            "rmse": 1.620981406941853,
            "mae": 1.1973418913908773,
            "r2": 0.6412693977872405,
            "score": -1.620981406941853
        },
        "test": {
            "rmse": 84.8913778918645,
            "mae": 84.82161388277109,
            "r2": 0.0,
            "score": -84.8913778918645
        }
    },
    "time": "0:01:15",
    "chunk_size": null,
    "eval_batch_size": 32768
}
