{
    "function": "bin.tabr.main",
    "gpus": [
        "NVIDIA GeForce RTX 3090"
    ],
    "config": {
        "seed": 1,
        "batch_size": 256,
        "patience": 16,
        "n_epochs": Infinity,
        "context_size": 96,
        "data": {
            "seed": 11,
            "cache": true,
            "path": ":data/sait",
            "num_policy": "quantile",
            "cat_policy": null,
            "y_policy": "standard"
        },
        "model": {
            "d_main": 226,
            "context_dropout": 0.07233000186923533,
            "d_multiplier": 2.0,
            "encoder_n_blocks": 0,
            "predictor_n_blocks": 2,
            "mixer_normalization": "auto",
            "dropout0": 0.2921416889600971,
            "dropout1": 0.0,
            "normalization": "LayerNorm",
            "activation": "ReLU",
            "num_embeddings": {
                "type": "PLREmbeddings",
                "n_frequencies": 52,
                "frequency_scale": 0.024233931261830634,
                "d_embedding": 45,
                "lite": true
            }
        },
        "optimizer": {
            "type": "AdamW",
            "lr": 0.0003279945862296266,
            "weight_decay": 0.0
        }
    },
    "n_parameters": 785450,
    "prediction_type": null,
    "best_epoch": 34,
    "metrics": {
        "train": {
            "rmse": 1.6802738057065372,
            "mae": 1.1986551238489938,
            "r2": 0.6105127943633643,
            "score": -1.6802738057065372
        },
        "val": {
            "rmse": 1.5932094229896965,
            "mae": 1.1995815591320707,
            "r2": 0.63013743592067,
            "score": -1.5932094229896965
        },
        "test": {
            "rmse": 1.6001466887305897,
            "mae": 1.1926294430545,
            "r2": 0.6483352816069343,
            "score": -1.6001466887305897
        }
    },
    "time": "0:01:59",
    "chunk_size": null,
    "eval_batch_size": 32768
}
