{
    "function": "bin.ensemble.main",
    "config": {
        "seeds": [
            0,
            1,
            2,
            3,
            4
        ]
    },
    "single_model_function": "bin.tabr.main",
    "data": ":data/sait",
    "prediction_type": null,
    "metrics": {
        "train": {
            "rmse": 1.6812314375532362,
            "mae": 1.2051830182617778,
            "r2": 0.610068675467545,
            "score": -1.6812314375532362
        },
        "val": {
            "rmse": 1.5923046787830342,
            "mae": 1.2087499465550309,
            "r2": 0.6305574295938139,
            "score": -1.5923046787830342
        },
        "test": {
            "rmse": 1.601474744177854,
            "mae": 1.2024939006386148,
            "r2": 0.6477513210683195,
            "score": -1.601474744177854
        }
    }
}
