{
    "function": "bin.tabr.main",
    "gpus": [
        "NVIDIA GeForce RTX 3090"
    ],
    "config": {
        "seed": 12,
        "batch_size": 256,
        "patience": 16,
        "n_epochs": Infinity,
        "context_size": 96,
        "data": {
            "seed": 11,
            "cache": true,
            "path": ":data/sait",
            "num_policy": "quantile",
            "cat_policy": null,
            "y_policy": "standard"
        },
        "model": {
            "d_main": 226,
            "context_dropout": 0.07233000186923533,
            "d_multiplier": 2.0,
            "encoder_n_blocks": 0,
            "predictor_n_blocks": 2,
            "mixer_normalization": "auto",
            "dropout0": 0.2921416889600971,
            "dropout1": 0.0,
            "normalization": "LayerNorm",
            "activation": "ReLU",
            "num_embeddings": {
                "type": "PLREmbeddings",
                "n_frequencies": 52,
                "frequency_scale": 0.024233931261830634,
                "d_embedding": 45,
                "lite": true
            }
        },
        "optimizer": {
            "type": "AdamW",
            "lr": 0.0003279945862296266,
            "weight_decay": 0.0
        }
    },
    "n_parameters": 785450,
    "prediction_type": null,
    "best_epoch": 27,
    "metrics": {
        "train": {
            "rmse": 1.6825689981094754,
            "mae": 1.2054946651212504,
            "r2": 0.6094480010278516,
            "score": -1.6825689981094754
        },
        "val": {
            "rmse": 1.5934603220222372,
            "mae": 1.2084910164789449,
            "r2": 0.6300209830677314,
            "score": -1.5934603220222372
        },
        "test": {
            "rmse": 1.6026084078327685,
            "mae": 1.2010061158630378,
            "r2": 0.6472524456356672,
            "score": -1.6026084078327685
        }
    },
    "time": "0:01:40",
    "chunk_size": null,
    "eval_batch_size": 32768
}
