{
    "function": "bin.tabr.main",
    "gpus": [
        "NVIDIA GeForce RTX 3090"
    ],
    "config": {
        "seed": 6,
        "batch_size": 256,
        "patience": 16,
        "n_epochs": Infinity,
        "context_size": 96,
        "data": {
            "seed": 0,
            "cache": true,
            "path": ":data/sait-submission",
            "num_policy": "quantile",
            "cat_policy": null,
            "y_policy": "standard"
        },
        "model": {
            "d_main": 205,
            "context_dropout": 0.11133000767060228,
            "d_multiplier": 2.0,
            "encoder_n_blocks": 0,
            "predictor_n_blocks": 1,
            "mixer_normalization": "auto",
            "dropout0": 0.3264849999707765,
            "dropout1": 0.0,
            "normalization": "LayerNorm",
            "activation": "ReLU",
            "num_embeddings": {
                "type": "PLREmbeddings",
                "n_frequencies": 16,
                "frequency_scale": 0.012342187126691545,
                "d_embedding": 40,
                "lite": true
            }
        },
        "optimizer": {
            "type": "AdamW",
            "lr": 0.00030525750867072427,
            "weight_decay": 2.5967576285315763e-05
        }
    },
    "n_parameters": 472792,
    "prediction_type": null,
    "best_epoch": 31,
    "metrics": {
        "train": {
            "rmse": 1.6689165035356084,
            "mae": 1.2015002966871364,
            "r2": 0.614223550940035,
            "score": -1.6689165035356084
        },
        "val": {
            "rmse": 1.6183047283281589,
            "mae": 1.1959614151848612,
            "r2": 0.6424531548425545,
            "score": -1.6183047283281589
        },
        "test": {
            "rmse": 84.92593504763936,
            "mae": 84.85541861317961,
            "r2": 0.0,
            "score": -84.92593504763936
        }
    },
    "time": "0:01:48",
    "chunk_size": null,
    "eval_batch_size": 32768
}
