{
    "function": "bin.tabr.main",
    "gpus": [
        "NVIDIA GeForce RTX 3090"
    ],
    "config": {
        "seed": 13,
        "batch_size": 256,
        "patience": 16,
        "n_epochs": Infinity,
        "context_size": 96,
        "data": {
            "seed": 22,
            "cache": true,
            "path": ":data/sait",
            "num_policy": "quantile",
            "cat_policy": null,
            "y_policy": "standard"
        },
        "model": {
            "d_main": 320,
            "context_dropout": 0.38897047124470463,
            "d_multiplier": 2.0,
            "encoder_n_blocks": 1,
            "predictor_n_blocks": 1,
            "mixer_normalization": "auto",
            "dropout0": 0.11301195802716613,
            "dropout1": 0.0,
            "normalization": "LayerNorm",
            "activation": "ReLU",
            "num_embeddings": {
                "type": "PLREmbeddings",
                "n_frequencies": 49,
                "frequency_scale": 0.04732775101266245,
                "d_embedding": 51,
                "lite": true
            }
        },
        "optimizer": {
            "type": "AdamW",
            "lr": 0.00018963902102551221,
            "weight_decay": 0.0
        }
    },
    "n_parameters": 1522389,
    "prediction_type": null,
    "best_epoch": 26,
    "metrics": {
        "train": {
            "rmse": 1.6811541454596313,
            "mae": 1.2047473224721443,
            "r2": 0.6101045344886575,
            "score": -1.6811541454596313
        },
        "val": {
            "rmse": 1.5926365661712591,
            "mae": 1.2072306279957843,
            "r2": 0.6304033731237944,
            "score": -1.5926365661712591
        },
        "test": {
            "rmse": 1.6028051361993345,
            "mae": 1.2028605109632622,
            "r2": 0.6471658352836036,
            "score": -1.6028051361993345
        }
    },
    "time": "0:02:19",
    "chunk_size": null,
    "eval_batch_size": 32768
}
