{
    "function": "bin.tabr.main",
    "gpus": [
        "NVIDIA GeForce RTX 3090"
    ],
    "config": {
        "seed": 4,
        "batch_size": 256,
        "patience": 16,
        "n_epochs": Infinity,
        "context_size": 96,
        "data": {
            "seed": 33,
            "cache": true,
            "path": ":data/sait-submission",
            "num_policy": "quantile",
            "cat_policy": null,
            "y_policy": "standard"
        },
        "model": {
            "d_main": 145,
            "context_dropout": 0.5922645339694296,
            "d_multiplier": 2.0,
            "encoder_n_blocks": 0,
            "predictor_n_blocks": 1,
            "mixer_normalization": "auto",
            "dropout0": 0.08144956528299635,
            "dropout1": 0.0,
            "normalization": "LayerNorm",
            "activation": "ReLU",
            "num_embeddings": {
                "type": "PLREmbeddings",
                "n_frequencies": 87,
                "frequency_scale": 0.028041566773097288,
                "d_embedding": 54,
                "lite": true
            }
        },
        "optimizer": {
            "type": "AdamW",
            "lr": 0.0005327022652266498,
            "weight_decay": 5.054003394663444e-06
        }
    },
    "n_parameters": 287793,
    "prediction_type": null,
    "best_epoch": 7,
    "metrics": {
        "train": {
            "rmse": 1.6706936105855734,
            "mae": 1.200119500166437,
            "r2": 0.6134015226600484,
            "score": -1.6706936105855734
        },
        "val": {
            "rmse": 1.6197920745348169,
            "mae": 1.196358445234715,
            "r2": 0.6417955914033591,
            "score": -1.6197920745348169
        },
        "test": {
            "rmse": 84.92707399809004,
            "mae": 84.85584911611386,
            "r2": 0.0,
            "score": -84.92707399809004
        }
    },
    "time": "0:01:06",
    "chunk_size": null,
    "eval_batch_size": 32768
}
