{
    "function": "bin.tabr.main",
    "gpus": [
        "NVIDIA GeForce RTX 3090"
    ],
    "config": {
        "seed": 12,
        "batch_size": 256,
        "patience": 16,
        "n_epochs": Infinity,
        "context_size": 96,
        "data": {
            "seed": 22,
            "cache": true,
            "path": ":data/sait",
            "num_policy": "quantile",
            "cat_policy": null,
            "y_policy": "standard"
        },
        "model": {
            "d_main": 320,
            "context_dropout": 0.38897047124470463,
            "d_multiplier": 2.0,
            "encoder_n_blocks": 1,
            "predictor_n_blocks": 1,
            "mixer_normalization": "auto",
            "dropout0": 0.11301195802716613,
            "dropout1": 0.0,
            "normalization": "LayerNorm",
            "activation": "ReLU",
            "num_embeddings": {
                "type": "PLREmbeddings",
                "n_frequencies": 49,
                "frequency_scale": 0.04732775101266245,
                "d_embedding": 51,
                "lite": true
            }
        },
        "optimizer": {
            "type": "AdamW",
            "lr": 0.00018963902102551221,
            "weight_decay": 0.0
        }
    },
    "n_parameters": 1522389,
    "prediction_type": null,
    "best_epoch": 19,
    "metrics": {
        "train": {
            "rmse": 1.6803445172721345,
            "mae": 1.2027363015558308,
            "r2": 0.6104799422455218,
            "score": -1.6803445172721345
        },
        "val": {
            "rmse": 1.5933652141772696,
            "mae": 1.206474378858161,
            "r2": 0.6300651306082858,
            "score": -1.5933652141772696
        },
        "test": {
            "rmse": 1.602363862172161,
            "mae": 1.2008441942970194,
            "r2": 0.6473600676625391,
            "score": -1.602363862172161
        }
    },
    "time": "0:01:56",
    "chunk_size": null,
    "eval_batch_size": 32768
}
