{
    "function": "bin.tabr.main",
    "gpus": [
        "NVIDIA GeForce RTX 3090"
    ],
    "config": {
        "seed": 11,
        "batch_size": 256,
        "patience": 16,
        "n_epochs": Infinity,
        "context_size": 96,
        "data": {
            "seed": 11,
            "cache": true,
            "path": ":data/sait-submission",
            "num_policy": "quantile",
            "cat_policy": null,
            "y_policy": "standard"
        },
        "model": {
            "d_main": 240,
            "context_dropout": 0.2404787602134526,
            "d_multiplier": 2.0,
            "encoder_n_blocks": 1,
            "predictor_n_blocks": 1,
            "mixer_normalization": "auto",
            "dropout0": 0.2763885024754076,
            "dropout1": 0.0,
            "normalization": "LayerNorm",
            "activation": "ReLU",
            "num_embeddings": {
                "type": "PLREmbeddings",
                "n_frequencies": 81,
                "frequency_scale": 0.010239119195579335,
                "d_embedding": 37,
                "lite": true
            }
        },
        "optimizer": {
            "type": "AdamW",
            "lr": 0.00014191444866850392,
            "weight_decay": 0.0
        }
    },
    "n_parameters": 857963,
    "prediction_type": null,
    "best_epoch": 56,
    "metrics": {
        "train": {
            "rmse": 1.6667991210380197,
            "mae": 1.197631055471156,
            "r2": 0.6152017794190996,
            "score": -1.6667991210380197
        },
        "val": {
            "rmse": 1.6164332214865262,
            "mae": 1.1934752126923627,
            "r2": 0.6432796207236715,
            "score": -1.6164332214865262
        },
        "test": {
            "rmse": 84.90790179201156,
            "mae": 84.8350158491171,
            "r2": 0.0,
            "score": -84.90790179201156
        }
    },
    "time": "0:03:55",
    "chunk_size": null,
    "eval_batch_size": 32768
}
