{
    "function": "bin.tabr.main",
    "gpus": [
        "NVIDIA GeForce RTX 3090"
    ],
    "config": {
        "seed": 9,
        "batch_size": 256,
        "patience": 16,
        "n_epochs": Infinity,
        "context_size": 96,
        "data": {
            "seed": 22,
            "cache": true,
            "path": ":data/sait",
            "num_policy": "quantile",
            "cat_policy": null,
            "y_policy": "standard"
        },
        "model": {
            "d_main": 320,
            "context_dropout": 0.38897047124470463,
            "d_multiplier": 2.0,
            "encoder_n_blocks": 1,
            "predictor_n_blocks": 1,
            "mixer_normalization": "auto",
            "dropout0": 0.11301195802716613,
            "dropout1": 0.0,
            "normalization": "LayerNorm",
            "activation": "ReLU",
            "num_embeddings": {
                "type": "PLREmbeddings",
                "n_frequencies": 49,
                "frequency_scale": 0.04732775101266245,
                "d_embedding": 51,
                "lite": true
            }
        },
        "optimizer": {
            "type": "AdamW",
            "lr": 0.00018963902102551221,
            "weight_decay": 0.0
        }
    },
    "n_parameters": 1522389,
    "prediction_type": null,
    "best_epoch": 16,
    "metrics": {
        "train": {
            "rmse": 1.683487020176806,
            "mae": 1.2021639593702957,
            "r2": 0.6090216898103279,
            "score": -1.683487020176806
        },
        "val": {
            "rmse": 1.5929995078994084,
            "mae": 1.202839007009004,
            "r2": 0.6302349300229457,
            "score": -1.5929995078994084
        },
        "test": {
            "rmse": 1.603101429998932,
            "mae": 1.1984689702151172,
            "r2": 0.6470353698193073,
            "score": -1.603101429998932
        }
    },
    "time": "0:01:47",
    "chunk_size": null,
    "eval_batch_size": 32768
}
