{
    "function": "bin.catboost_.main",
    "gpus": [
        "NVIDIA GeForce RTX 3090",
        "NVIDIA GeForce RTX 3090",
        "NVIDIA GeForce RTX 3090",
        "NVIDIA GeForce RTX 3090"
    ],
    "config": {
        "seed": 0,
        "data": {
            "seed": 0,
            "num_policy": null,
            "cat_policy": null,
            "cache": true,
            "path": ":data/sait-submission",
            "y_policy": "standard"
        },
        "model": {
            "iterations": 4000,
            "early_stopping_rounds": 200,
            "od_pval": 0.001,
            "bagging_temperature": 0.2521395542071161,
            "depth": 9,
            "l2_leaf_reg": 9.051203102297846,
            "leaf_estimation_iterations": 2,
            "learning_rate": 0.025887250896045315,
            "task_type": "CPU",
            "thread_count": 4
        },
        "fit": {
            "logging_level": "Verbose"
        }
    },
    "prediction_type": null,
    "time": "0:00:08",
    "best_iteration": 663,
    "metrics": {
        "train": {
            "rmse": 1.5638090463759873,
            "mae": 1.153081019191723,
            "r2": 0.6612853747294721,
            "score": -1.5638090463759873
        },
        "val": {
            "rmse": 1.6189146800288539,
            "mae": 1.198943703313705,
            "r2": 0.6421835553413475,
            "score": -1.6189146800288539
        },
        "test": {
            "rmse": 84.90161770371667,
            "mae": 84.83002571891335,
            "r2": 0.0,
            "score": -84.90161770371667
        }
    }
}
