{
    "function": "bin.tabr.main",
    "gpus": [
        "NVIDIA GeForce RTX 3090"
    ],
    "config": {
        "seed": 10,
        "batch_size": 256,
        "patience": 16,
        "n_epochs": Infinity,
        "context_size": 96,
        "data": {
            "seed": 11,
            "cache": true,
            "path": ":data/sait",
            "num_policy": "quantile",
            "cat_policy": null,
            "y_policy": "standard"
        },
        "model": {
            "d_main": 226,
            "context_dropout": 0.07233000186923533,
            "d_multiplier": 2.0,
            "encoder_n_blocks": 0,
            "predictor_n_blocks": 2,
            "mixer_normalization": "auto",
            "dropout0": 0.2921416889600971,
            "dropout1": 0.0,
            "normalization": "LayerNorm",
            "activation": "ReLU",
            "num_embeddings": {
                "type": "PLREmbeddings",
                "n_frequencies": 52,
                "frequency_scale": 0.024233931261830634,
                "d_embedding": 45,
                "lite": true
            }
        },
        "optimizer": {
            "type": "AdamW",
            "lr": 0.0003279945862296266,
            "weight_decay": 0.0
        }
    },
    "n_parameters": 785450,
    "prediction_type": null,
    "best_epoch": 2,
    "metrics": {
        "train": {
            "rmse": 1.6911934472042136,
            "mae": 1.217627709640965,
            "r2": 0.6054339345054198,
            "score": -1.6911934472042136
        },
        "val": {
            "rmse": 1.5940986788727805,
            "mae": 1.2133533173003457,
            "r2": 0.6297244486891377,
            "score": -1.5940986788727805
        },
        "test": {
            "rmse": 1.6066344068160054,
            "mae": 1.2113448640203615,
            "r2": 0.6454779161897545,
            "score": -1.6066344068160054
        }
    },
    "time": "0:00:44",
    "chunk_size": null,
    "eval_batch_size": 32768
}
