{
    "function": "bin.tabr.main",
    "gpus": [
        "NVIDIA GeForce RTX 3090"
    ],
    "config": {
        "seed": 4,
        "batch_size": 256,
        "patience": 16,
        "n_epochs": Infinity,
        "context_size": 96,
        "data": {
            "seed": 11,
            "cache": true,
            "path": ":data/sait",
            "num_policy": "quantile",
            "cat_policy": null,
            "y_policy": "standard"
        },
        "model": {
            "d_main": 226,
            "context_dropout": 0.07233000186923533,
            "d_multiplier": 2.0,
            "encoder_n_blocks": 0,
            "predictor_n_blocks": 2,
            "mixer_normalization": "auto",
            "dropout0": 0.2921416889600971,
            "dropout1": 0.0,
            "normalization": "LayerNorm",
            "activation": "ReLU",
            "num_embeddings": {
                "type": "PLREmbeddings",
                "n_frequencies": 52,
                "frequency_scale": 0.024233931261830634,
                "d_embedding": 45,
                "lite": true
            }
        },
        "optimizer": {
            "type": "AdamW",
            "lr": 0.0003279945862296266,
            "weight_decay": 0.0
        }
    },
    "n_parameters": 785450,
    "prediction_type": null,
    "best_epoch": 7,
    "metrics": {
        "train": {
            "rmse": 1.6843961412595077,
            "mae": 1.2072675377680184,
            "r2": 0.6085992698246674,
            "score": -1.6843961412595077
        },
        "val": {
            "rmse": 1.5997714595269668,
            "mae": 1.2130541876679786,
            "r2": 0.6270844487910332,
            "score": -1.5997714595269668
        },
        "test": {
            "rmse": 1.5979728100574393,
            "mae": 1.199580275313906,
            "r2": 0.6492901469162679,
            "score": -1.5979728100574393
        }
    },
    "time": "0:00:56",
    "chunk_size": null,
    "eval_batch_size": 32768
}
