{
    "function": "bin.tabr.main",
    "gpus": [
        "NVIDIA GeForce RTX 3090"
    ],
    "config": {
        "seed": 6,
        "batch_size": 256,
        "patience": 16,
        "n_epochs": Infinity,
        "context_size": 96,
        "data": {
            "seed": 11,
            "cache": true,
            "path": ":data/sait",
            "num_policy": "quantile",
            "cat_policy": null,
            "y_policy": "standard"
        },
        "model": {
            "d_main": 226,
            "context_dropout": 0.07233000186923533,
            "d_multiplier": 2.0,
            "encoder_n_blocks": 0,
            "predictor_n_blocks": 2,
            "mixer_normalization": "auto",
            "dropout0": 0.2921416889600971,
            "dropout1": 0.0,
            "normalization": "LayerNorm",
            "activation": "ReLU",
            "num_embeddings": {
                "type": "PLREmbeddings",
                "n_frequencies": 52,
                "frequency_scale": 0.024233931261830634,
                "d_embedding": 45,
                "lite": true
            }
        },
        "optimizer": {
            "type": "AdamW",
            "lr": 0.0003279945862296266,
            "weight_decay": 0.0
        }
    },
    "n_parameters": 785450,
    "prediction_type": null,
    "best_epoch": 4,
    "metrics": {
        "train": {
            "rmse": 1.68791574434747,
            "mae": 1.206496685198772,
            "r2": 0.6069618852144041,
            "score": -1.68791574434747
        },
        "val": {
            "rmse": 1.5940536857673242,
            "mae": 1.2051930480911892,
            "r2": 0.6297453822602536,
            "score": -1.5940536857673242
        },
        "test": {
            "rmse": 1.6040277613604146,
            "mae": 1.2016930388197693,
            "r2": 0.6466273486367771,
            "score": -1.6040277613604146
        }
    },
    "time": "0:00:49",
    "chunk_size": null,
    "eval_batch_size": 32768
}
