{
    "function": "bin.catboost_.main",
    "gpus": [
        "NVIDIA GeForce RTX 3090",
        "NVIDIA GeForce RTX 3090",
        "NVIDIA GeForce RTX 3090",
        "NVIDIA GeForce RTX 3090"
    ],
    "config": {
        "seed": 8,
        "data": {
            "seed": 0,
            "num_policy": null,
            "cat_policy": null,
            "cache": true,
            "path": ":data/sait-submission",
            "y_policy": "standard"
        },
        "model": {
            "iterations": 4000,
            "early_stopping_rounds": 200,
            "od_pval": 0.001,
            "bagging_temperature": 0.2521395542071161,
            "depth": 9,
            "l2_leaf_reg": 9.051203102297846,
            "leaf_estimation_iterations": 2,
            "learning_rate": 0.025887250896045315,
            "task_type": "CPU",
            "thread_count": 4
        },
        "fit": {
            "logging_level": "Verbose"
        }
    },
    "prediction_type": null,
    "time": "0:00:08",
    "best_iteration": 578,
    "metrics": {
        "train": {
            "rmse": 1.5777320140836473,
            "mae": 1.161142821735314,
            "r2": 0.6552272102072649,
            "score": -1.5777320140836473
        },
        "val": {
            "rmse": 1.6223317381446383,
            "mae": 1.2014831030489095,
            "r2": 0.6406714683094501,
            "score": -1.6223317381446383
        },
        "test": {
            "rmse": 84.9018148044577,
            "mae": 84.83015610420912,
            "r2": 0.0,
            "score": -84.9018148044577
        }
    }
}
