{
    "function": "bin.tabr.main",
    "gpus": [
        "NVIDIA GeForce RTX 3090"
    ],
    "config": {
        "seed": 9,
        "batch_size": 256,
        "patience": 16,
        "n_epochs": Infinity,
        "context_size": 96,
        "data": {
            "seed": 22,
            "cache": true,
            "path": ":data/sait-submission",
            "num_policy": "quantile",
            "cat_policy": null,
            "y_policy": "standard"
        },
        "model": {
            "d_main": 310,
            "context_dropout": 0.21059390154453766,
            "d_multiplier": 2.0,
            "encoder_n_blocks": 0,
            "predictor_n_blocks": 2,
            "mixer_normalization": "auto",
            "dropout0": 0.41871334166292035,
            "dropout1": 0.0,
            "normalization": "LayerNorm",
            "activation": "ReLU",
            "num_embeddings": {
                "type": "PLREmbeddings",
                "n_frequencies": 42,
                "frequency_scale": 0.03272235852111961,
                "d_embedding": 62,
                "lite": true
            }
        },
        "optimizer": {
            "type": "AdamW",
            "lr": 0.00012953811593024672,
            "weight_decay": 0.0
        }
    },
    "n_parameters": 1472343,
    "prediction_type": null,
    "best_epoch": 66,
    "metrics": {
        "train": {
            "rmse": 1.665281660301103,
            "mae": 1.1994083214910134,
            "r2": 0.6159021194210481,
            "score": -1.665281660301103
        },
        "val": {
            "rmse": 1.619206748267153,
            "mae": 1.196311439054952,
            "r2": 0.6420544473386803,
            "score": -1.619206748267153
        },
        "test": {
            "rmse": 84.93974411607441,
            "mae": 84.86819532526397,
            "r2": 0.0,
            "score": -84.93974411607441
        }
    },
    "time": "0:04:14",
    "chunk_size": null,
    "eval_batch_size": 32768
}
