{
    "function": "bin.tabr.main",
    "gpus": [
        "NVIDIA GeForce RTX 3090"
    ],
    "config": {
        "seed": 11,
        "batch_size": 256,
        "patience": 16,
        "n_epochs": Infinity,
        "context_size": 96,
        "data": {
            "seed": 0,
            "cache": true,
            "path": ":data/sait-submission",
            "num_policy": "quantile",
            "cat_policy": null,
            "y_policy": "standard"
        },
        "model": {
            "d_main": 205,
            "context_dropout": 0.11133000767060228,
            "d_multiplier": 2.0,
            "encoder_n_blocks": 0,
            "predictor_n_blocks": 1,
            "mixer_normalization": "auto",
            "dropout0": 0.3264849999707765,
            "dropout1": 0.0,
            "normalization": "LayerNorm",
            "activation": "ReLU",
            "num_embeddings": {
                "type": "PLREmbeddings",
                "n_frequencies": 16,
                "frequency_scale": 0.012342187126691545,
                "d_embedding": 40,
                "lite": true
            }
        },
        "optimizer": {
            "type": "AdamW",
            "lr": 0.00030525750867072427,
            "weight_decay": 2.5967576285315763e-05
        }
    },
    "n_parameters": 472792,
    "prediction_type": null,
    "best_epoch": 49,
    "metrics": {
        "train": {
            "rmse": 1.6663808740552937,
            "mae": 1.201601355969693,
            "r2": 0.615394903030831,
            "score": -1.6663808740552937
        },
        "val": {
            "rmse": 1.6197192109165555,
            "mae": 1.1982871400210655,
            "r2": 0.6418278146847068,
            "score": -1.6197192109165555
        },
        "test": {
            "rmse": 84.86707799756037,
            "mae": 84.79616808433593,
            "r2": 0.0,
            "score": -84.86707799756037
        }
    },
    "time": "0:02:27",
    "chunk_size": null,
    "eval_batch_size": 32768
}
