{
    "function": "bin.tabr.main",
    "gpus": [
        "NVIDIA GeForce RTX 3090"
    ],
    "config": {
        "seed": 6,
        "batch_size": 256,
        "patience": 16,
        "n_epochs": Infinity,
        "context_size": 96,
        "data": {
            "seed": 22,
            "cache": true,
            "path": ":data/sait",
            "num_policy": "quantile",
            "cat_policy": null,
            "y_policy": "standard"
        },
        "model": {
            "d_main": 339,
            "context_dropout": 0.41501222584233904,
            "d_multiplier": 2.0,
            "encoder_n_blocks": 0,
            "predictor_n_blocks": 2,
            "mixer_normalization": "auto",
            "dropout0": 0.5294981305312154,
            "dropout1": 0.0,
            "normalization": "LayerNorm",
            "activation": "ReLU",
            "num_embeddings": {
                "type": "PLREmbeddings",
                "n_frequencies": 86,
                "frequency_scale": 0.028018821939835157,
                "d_embedding": 20,
                "lite": true
            }
        },
        "optimizer": {
            "type": "AdamW",
            "lr": 7.951471367786687e-05,
            "weight_decay": 4.6093655266835245e-05
        }
    },
    "n_parameters": 1579401,
    "prediction_type": null,
    "best_epoch": 12,
    "metrics": {
        "train": {
            "rmse": 1.6852465106618466,
            "mae": 1.207661750183206,
            "r2": 0.6082040141757126,
            "score": -1.6852465106618466
        },
        "val": {
            "rmse": 1.5916096141995262,
            "mae": 1.2068124242286444,
            "r2": 0.6308798695915449,
            "score": -1.5916096141995262
        },
        "test": {
            "rmse": 1.6040361788765205,
            "mae": 1.2038926205290181,
            "r2": 0.6466236161495014,
            "score": -1.6040361788765205
        }
    },
    "time": "0:01:14",
    "chunk_size": null,
    "eval_batch_size": 32768
}
