{
    "function": "bin.tabr.main",
    "gpus": [
        "NVIDIA GeForce RTX 3090"
    ],
    "config": {
        "seed": 7,
        "batch_size": 256,
        "patience": 16,
        "n_epochs": Infinity,
        "context_size": 96,
        "data": {
            "seed": 33,
            "cache": true,
            "path": ":data/sait-submission",
            "num_policy": "quantile",
            "cat_policy": null,
            "y_policy": "standard"
        },
        "model": {
            "d_main": 145,
            "context_dropout": 0.5922645339694296,
            "d_multiplier": 2.0,
            "encoder_n_blocks": 0,
            "predictor_n_blocks": 1,
            "mixer_normalization": "auto",
            "dropout0": 0.08144956528299635,
            "dropout1": 0.0,
            "normalization": "LayerNorm",
            "activation": "ReLU",
            "num_embeddings": {
                "type": "PLREmbeddings",
                "n_frequencies": 87,
                "frequency_scale": 0.028041566773097288,
                "d_embedding": 54,
                "lite": true
            }
        },
        "optimizer": {
            "type": "AdamW",
            "lr": 0.0005327022652266498,
            "weight_decay": 5.054003394663444e-06
        }
    },
    "n_parameters": 287793,
    "prediction_type": null,
    "best_epoch": 7,
    "metrics": {
        "train": {
            "rmse": 1.6711228171178167,
            "mae": 1.2069762363541585,
            "r2": 0.6132028778733469,
            "score": -1.6711228171178167
        },
        "val": {
            "rmse": 1.620951473536559,
            "mae": 1.2027110861897157,
            "r2": 0.6412826420820524,
            "score": -1.620951473536559
        },
        "test": {
            "rmse": 84.86315758936072,
            "mae": 84.79162730338658,
            "r2": 0.0,
            "score": -84.86315758936072
        }
    },
    "time": "0:01:06",
    "chunk_size": null,
    "eval_batch_size": 32768
}
