{
    "function": "bin.tabr.main",
    "gpus": [
        "NVIDIA GeForce RTX 3090"
    ],
    "config": {
        "seed": 1,
        "batch_size": 256,
        "patience": 16,
        "n_epochs": Infinity,
        "context_size": 96,
        "data": {
            "seed": 22,
            "cache": true,
            "path": ":data/sait-submission",
            "num_policy": "quantile",
            "cat_policy": null,
            "y_policy": "standard"
        },
        "model": {
            "d_main": 310,
            "context_dropout": 0.21059390154453766,
            "d_multiplier": 2.0,
            "encoder_n_blocks": 0,
            "predictor_n_blocks": 2,
            "mixer_normalization": "auto",
            "dropout0": 0.41871334166292035,
            "dropout1": 0.0,
            "normalization": "LayerNorm",
            "activation": "ReLU",
            "num_embeddings": {
                "type": "PLREmbeddings",
                "n_frequencies": 42,
                "frequency_scale": 0.03272235852111961,
                "d_embedding": 62,
                "lite": true
            }
        },
        "optimizer": {
            "type": "AdamW",
            "lr": 0.00012953811593024672,
            "weight_decay": 0.0
        }
    },
    "n_parameters": 1472343,
    "prediction_type": null,
    "best_epoch": 4,
    "metrics": {
        "train": {
            "rmse": 1.6753852038834758,
            "mae": 1.2089668319530418,
            "r2": 0.6112272245324926,
            "score": -1.6753852038834758
        },
        "val": {
            "rmse": 1.6233965585624819,
            "mae": 1.2025229013133227,
            "r2": 0.6401996142153581,
            "score": -1.6233965585624819
        },
        "test": {
            "rmse": 84.99059235737714,
            "mae": 84.917236784524,
            "r2": 0.0,
            "score": -84.99059235737714
        }
    },
    "time": "0:01:06",
    "chunk_size": null,
    "eval_batch_size": 32768
}
