{
    "function": "bin.ensemble.main",
    "config": {
        "seeds": [
            10,
            11,
            12,
            13,
            14
        ]
    },
    "single_model_function": "bin.tabr.main",
    "data": ":data/sait",
    "prediction_type": null,
    "metrics": {
        "train": {
            "rmse": 1.6812600276601217,
            "mae": 1.205446120746899,
            "r2": 0.6100553870495025,
            "score": -1.6812600276601217
        },
        "val": {
            "rmse": 1.5907184236313068,
            "mae": 1.205930681865425,
            "r2": 0.6312931235107454,
            "score": -1.5907184236313068
        },
        "test": {
            "rmse": 1.598468410768781,
            "mae": 1.2006895744468125,
            "r2": 0.649072571289226,
            "score": -1.598468410768781
        }
    }
}
