{
    "function": "bin.ensemble.main",
    "config": {
        "seeds": [
            10,
            11,
            12,
            13,
            14
        ]
    },
    "single_model_function": "bin.tabr.main",
    "data": ":data/sait",
    "prediction_type": null,
    "metrics": {
        "train": {
            "rmse": 1.681632425609141,
            "mae": 1.2060488733752095,
            "r2": 0.6098826772648412,
            "score": -1.681632425609141
        },
        "val": {
            "rmse": 1.5902357585724514,
            "mae": 1.206755053604411,
            "r2": 0.6315168313927738,
            "score": -1.5902357585724514
        },
        "test": {
            "rmse": 1.6006036905897438,
            "mae": 1.2020854859849806,
            "r2": 0.6481344161522051,
            "score": -1.6006036905897438
        }
    }
}
