{
    "function": "bin.catboost_.main",
    "gpus": [
        "NVIDIA GeForce RTX 3090",
        "NVIDIA GeForce RTX 3090",
        "NVIDIA GeForce RTX 3090",
        "NVIDIA GeForce RTX 3090"
    ],
    "config": {
        "seed": 3,
        "data": {
            "seed": 0,
            "num_policy": null,
            "cat_policy": null,
            "cache": true,
            "path": ":data/sait-submission",
            "y_policy": "standard"
        },
        "model": {
            "iterations": 4000,
            "early_stopping_rounds": 200,
            "od_pval": 0.001,
            "bagging_temperature": 0.2521395542071161,
            "depth": 9,
            "l2_leaf_reg": 9.051203102297846,
            "leaf_estimation_iterations": 2,
            "learning_rate": 0.025887250896045315,
            "task_type": "CPU",
            "thread_count": 4
        },
        "fit": {
            "logging_level": "Verbose"
        }
    },
    "prediction_type": null,
    "time": "0:00:07",
    "best_iteration": 596,
    "metrics": {
        "train": {
            "rmse": 1.5781029511125166,
            "mae": 1.1604409301312686,
            "r2": 0.6550650736378274,
            "score": -1.5781029511125166
        },
        "val": {
            "rmse": 1.620472898135192,
            "mae": 1.200513100209137,
            "r2": 0.6414944215707531,
            "score": -1.620472898135192
        },
        "test": {
            "rmse": 84.90366453645686,
            "mae": 84.8319589236704,
            "r2": 0.0,
            "score": -84.90366453645686
        }
    }
}
