{
    "function": "bin.tabr.main",
    "gpus": [
        "NVIDIA GeForce RTX 3090"
    ],
    "config": {
        "seed": 14,
        "batch_size": 256,
        "patience": 16,
        "n_epochs": Infinity,
        "context_size": 96,
        "data": {
            "seed": 11,
            "cache": true,
            "path": ":data/sait",
            "num_policy": "quantile",
            "cat_policy": null,
            "y_policy": "standard"
        },
        "model": {
            "d_main": 226,
            "context_dropout": 0.07233000186923533,
            "d_multiplier": 2.0,
            "encoder_n_blocks": 0,
            "predictor_n_blocks": 2,
            "mixer_normalization": "auto",
            "dropout0": 0.2921416889600971,
            "dropout1": 0.0,
            "normalization": "LayerNorm",
            "activation": "ReLU",
            "num_embeddings": {
                "type": "PLREmbeddings",
                "n_frequencies": 52,
                "frequency_scale": 0.024233931261830634,
                "d_embedding": 45,
                "lite": true
            }
        },
        "optimizer": {
            "type": "AdamW",
            "lr": 0.0003279945862296266,
            "weight_decay": 0.0
        }
    },
    "n_parameters": 785450,
    "prediction_type": null,
    "best_epoch": 33,
    "metrics": {
        "train": {
            "rmse": 1.6811561372373223,
            "mae": 1.2037739475874218,
            "r2": 0.6101036125596913,
            "score": -1.6811561372373223
        },
        "val": {
            "rmse": 1.5931674557441753,
            "mae": 1.206793327433445,
            "r2": 0.6301569478415378,
            "score": -1.5931674557441753
        },
        "test": {
            "rmse": 1.6016939340637293,
            "mae": 1.1996114881430344,
            "r2": 0.6476548710232497,
            "score": -1.6016939340637293
        }
    },
    "time": "0:01:53",
    "chunk_size": null,
    "eval_batch_size": 32768
}
