{
    "function": "bin.catboost_.main",
    "gpus": [
        "NVIDIA GeForce RTX 3090",
        "NVIDIA GeForce RTX 3090",
        "NVIDIA GeForce RTX 3090",
        "NVIDIA GeForce RTX 3090"
    ],
    "config": {
        "seed": 12,
        "data": {
            "seed": 0,
            "num_policy": null,
            "cat_policy": null,
            "cache": true,
            "path": ":data/sait-submission",
            "y_policy": "standard"
        },
        "model": {
            "iterations": 4000,
            "early_stopping_rounds": 200,
            "od_pval": 0.001,
            "bagging_temperature": 0.2521395542071161,
            "depth": 9,
            "l2_leaf_reg": 9.051203102297846,
            "leaf_estimation_iterations": 2,
            "learning_rate": 0.025887250896045315,
            "task_type": "CPU",
            "thread_count": 4
        },
        "fit": {
            "logging_level": "Verbose"
        }
    },
    "prediction_type": null,
    "time": "0:00:09",
    "best_iteration": 424,
    "metrics": {
        "train": {
            "rmse": 1.6102985649388708,
            "mae": 1.1774425213947812,
            "r2": 0.6408471484861871,
            "score": -1.6102985649388708
        },
        "val": {
            "rmse": 1.6214127197379649,
            "mae": 1.2004972822762032,
            "r2": 0.641078457820533,
            "score": -1.6214127197379649
        },
        "test": {
            "rmse": 84.90128979950424,
            "mae": 84.82973053548555,
            "r2": 0.0,
            "score": -84.90128979950424
        }
    }
}
