{
    "function": "bin.ensemble.main",
    "config": {
        "seeds": [
            5,
            6,
            7,
            8,
            9
        ]
    },
    "single_model_function": "bin.tabr.main",
    "data": ":data/sait",
    "prediction_type": null,
    "metrics": {
        "train": {
            "rmse": 1.6794617593441472,
            "mae": 1.2012563801665124,
            "r2": 0.610889141772639,
            "score": -1.6794617593441472
        },
        "val": {
            "rmse": 1.5919917201561844,
            "mae": 1.2040543013791307,
            "r2": 0.630702636279533,
            "score": -1.5919917201561844
        },
        "test": {
            "rmse": 1.600392113129773,
            "mae": 1.1983426746031682,
            "r2": 0.648227410110827,
            "score": -1.600392113129773
        }
    }
}
